[
  {
    "_id": "679311db72143438489c8884",
    "pacienteId": "6792e6af72143438489c8838",
    "medicoId": "6793039f72143438489c8858",
    "fecha": "2025-01-24T14:18:48.745Z",
    "motivo": "sarasa",
    "estado": "completada",
    "notas": "sarasa",
    "monto": 0,
    "tratamientos": [
      {
        "nombre": "asdasd",
        "descripcion": "asdas",
        "monto": 0,
        "_id": "6792e69072143438489c8832"
      }
    ],
    "__v": 0
  },
  {
    "_id": "67942d80cd8b2a1c9cbd5fc0",
    "pacienteId": "6792e6af72143438489c8838",
    "medicoId": "6792d0a3d88d93eaf7b0d99a",
    "fecha": "2025-01-25T00:17:08.773Z",
    "motivo": "sarasa",
    "estado": "en_proceso",
    "notas": "sarasa",
    "monto": 0,
    "tratamientos": [
      {
        "nombre": "asdasd",
        "descripcion": "asdas",
        "monto": 0,
        "_id": "6792e69072143438489c8832"
      }
    ],
    "__v": 0
  }
]