[
  {
    "datosPersonalesMedicos": {
      "enfermedades": "sadsda",
      "tratamientoActual": "sadsd",
      "medicamentosRegulares": "sdsd",
      "enfermedadInfectoInfecciosa": "asd",
      "fuma": false,
      "embarazo": false,
      "enfermedadConstancia": "",
      "alergias": "",
      "diabetes": false,
      "enfermedadTransmisionSexual": "",
      "motivoConsulta": "sarasa"
    },
    "antecedentesMedicosOdontologicos": {
      "tratamientoOdontologico": {
        "descripcion": "",
        "desdeCuando": "2025-01-24T14:18:59.257Z"
      },
      "consultoOdontologo": false,
      "dolor": "{\"rango\":\"\",\"tipo\":\"\",\"caracteristicas\":[],\"sensibilidad\":[],\"localizacion\":\"cuadranteSuperiorIzquierdo\"}",
      "fracturaDiente": "asda",
      "dificultadMasticar": false,
      "dificultadAbrirBoca": false
    },
    "estadoActual": {
      "anormalidadBoca": "",
      "sangradoEncias": false,
      "hinchazonCara": false,
      "higieneBucal": "buena"
    },
    "_id": "6793a1534a87239365b36682",
    "aclaracionesFinalesMedico": "",
    "__v": 0
  }
]