[
  {
    "_id": "671adf351d7fd1d1c5c88be4",
    "nombre": "juan pérez",
    "email": "juan.perez@example.com",
    "especialidad": "cardiología",
    "celular": "123456789",
    "nMatricula": "ABC123",
    "__v": 0
  },
  {
    "_id": "671d56369e66691cf72bb163",
    "nombre": "dr. juan pérez",
    "email": "dr.juan.perez@example.com",
    "especialidad": "cardiología",
    "celular": "123456789",
    "nMatricula": "ABC456",
    "__v": 0
  },
  {
    "_id": "677770449a8e64a311c2dc2c",
    "nombre": "freanco semino",
    "email": "capo1928374650@gmail.com",
    "especialidad": "periodoncia",
    "celular": "2227509244",
    "nMatricula": "abc1314",
    "clave": "Libertad854",
    "__v": 0
  },
  {
    "_id": "6778aa6a9fa1bc2f72b33534",
    "nombre": "thomas semino",
    "email": "medico@medico.com",
    "especialidad": "endodoncia",
    "celular": "2227478196",
    "nMatricula": "abc1234",
    "clave": "123456789",
    "__v": 0
  }
]