[
  {
    "_id": "677832a07d0764719439f797",
    "pacienteId": "677832797d0764719439f78f",
    "medicoId": "671adf351d7fd1d1c5c88be4",
    "fecha": "2025-01-03T21:30:00.000Z",
    "motivo": "fweg ew",
    "estado": "pendiente",
    "notas": "fweg ew",
    "monto": 0,
    "tratamientos": [],
    "__v": 0
  },
  {
    "_id": "67789bafdd81df20a598980b",
    "pacienteId": "677832797d0764719439f78f",
    "medicoId": "671adf351d7fd1d1c5c88be4",
    "fecha": "2025-01-03T14:30:00.000Z",
    "motivo": "Consulta de seguimiento dental",
    "estado": "pendiente",
    "notas": "Paciente requiere revisión de tratamiento de conducto",
    "monto": 150,
    "tratamientos": [
      {
        "nombre": "Limpieza dental",
        "descripcion": "Limpieza dental profunda",
        "_id": "67789bafdd81df20a598980c"
      },
      {
        "nombre": "Revisión conducto",
        "descripcion": "Evaluación de tratamiento previo",
        "_id": "67789bafdd81df20a598980d"
      }
    ],
    "__v": 0
  },
  {
    "_id": "6778ae949fa1bc2f72b33545",
    "pacienteId": "677832797d0764719439f78f",
    "medicoId": "671adf351d7fd1d1c5c88be4",
    "fecha": "2025-01-04T11:00:00.000Z",
    "motivo": "jtdgc",
    "estado": "pendiente",
    "notas": "jtdgc",
    "monto": 0,
    "tratamientos": [
      {
        "nombre": "Tratamiento de fisioterapi",
        "descripcion": "Sesión de fisioterapia para rehabilitación de lesiones musculares.",
        "_id": "67776854a0e921c927243d23"
      }
    ],
    "__v": 0
  }
]