[
  {
    "_id": "67706c6a6fc8482c83b45c22",
    "__v": 0
  },
  {
    "_id": "67706ef6011a1ce632e771c3",
    "__v": 0
  },
  {
    "_id": "67707042b8b203edd8d0bb2d",
    "aclaracionesFinalesMedico": "Paciente con buena respuesta al tratamiento inicial.",
    "__v": 0
  },
  {
    "_id": "677070b7b8b203edd8d0bb2f",
    "aclaracionesFinalesMedico": "Recomendar exámenes adicionales para descartar infecciones",
    "__v": 0
  },
  {
    "_id": "67727f97f87ca6d4d7475234",
    "aclaracionesFinalesMedico": "Recomendar exámenes adicionales para descartar infecciones",
    "__v": 0
  },
  {
    "_id": "6772804f0ba879fa3535f142",
    "aclaracionesFinalesMedico": "Recomendar exámenes adicionales para descartar infecciones",
    "__v": 0
  },
  {
    "datosPersonalesMedicos": {
      "enfermedades": "Hipertensión",
      "tratamientoActual": "Medicamento diario",
      "medicamentosRegulares": "Paracetamol",
      "enfermedadInfectoInfecciosa": "No",
      "fuma": true,
      "embarazo": false,
      "enfermedadConstancia": "No",
      "alergias": "Polen",
      "diabetes": false,
      "enfermedadTransmisionSexual": "No",
      "motivoConsulta": "Dolor dental"
    },
    "antecedentesMedicosOdontologicos": {
      "tratamientoOdontologico": {
        "descripcion": "Ortodoncia",
        "desdeCuando": "2022"
      },
      "consultoOdontologo": true,
      "dolor": "Sí",
      "fracturaDiente": "No",
      "dificultadMasticar": true,
      "dificultadAbrirBoca": false
    },
    "estadoActual": {
      "anormalidadBoca": "No",
      "sangradoEncias": true,
      "hinchazonCara": false,
      "higieneBucal": "bueno"
    },
    "_id": "67734c0841c1ae714ae5b3fe",
    "aclaracionesFinalesMedico": "Ninguna",
    "__v": 0
  },
  {
    "datosPersonalesMedicos": {
      "enfermedades": "Hipertensión",
      "tratamientoActual": "Medicamento diario",
      "medicamentosRegulares": "Paracetamol",
      "enfermedadInfectoInfecciosa": "No",
      "fuma": true,
      "embarazo": false,
      "enfermedadConstancia": "No",
      "alergias": "Polen",
      "diabetes": false,
      "enfermedadTransmisionSexual": "No",
      "motivoConsulta": "Dolor dental"
    },
    "antecedentesMedicosOdontologicos": {
      "tratamientoOdontologico": {
        "descripcion": "Ortodoncia",
        "desdeCuando": "2022"
      },
      "consultoOdontologo": true,
      "dolor": "Sí",
      "fracturaDiente": "No",
      "dificultadMasticar": true,
      "dificultadAbrirBoca": false
    },
    "estadoActual": {
      "anormalidadBoca": "No",
      "sangradoEncias": true,
      "hinchazonCara": false,
      "higieneBucal": "bueno"
    },
    "_id": "67734c4e41c1ae714ae5b401",
    "aclaracionesFinalesMedico": "Ninguna",
    "__v": 0
  },
  {
    "datosPersonalesMedicos": {
      "enfermedades": "Hipertensión",
      "tratamientoActual": "Medicamento diario",
      "medicamentosRegulares": "Paracetamol",
      "enfermedadInfectoInfecciosa": "No",
      "fuma": true,
      "embarazo": false,
      "enfermedadConstancia": "No",
      "alergias": "Polen",
      "diabetes": false,
      "enfermedadTransmisionSexual": "No",
      "motivoConsulta": "Dolor dental"
    },
    "antecedentesMedicosOdontologicos": {
      "tratamientoOdontologico": {
        "descripcion": "Ortodoncia",
        "desdeCuando": "2022"
      },
      "consultoOdontologo": true,
      "dolor": "Sí",
      "fracturaDiente": "No",
      "dificultadMasticar": true,
      "dificultadAbrirBoca": false
    },
    "estadoActual": {
      "anormalidadBoca": "No",
      "sangradoEncias": true,
      "hinchazonCara": false,
      "higieneBucal": "bueno"
    },
    "_id": "67734c4f41c1ae714ae5b403",
    "aclaracionesFinalesMedico": "Ninguna",
    "__v": 0
  },
  {
    "datosPersonalesMedicos": {
      "enfermedades": "Hipertensión",
      "tratamientoActual": "Medicamento diario",
      "medicamentosRegulares": "Paracetamol",
      "enfermedadInfectoInfecciosa": "No",
      "fuma": true,
      "embarazo": false,
      "enfermedadConstancia": "No",
      "alergias": "Polen",
      "diabetes": false,
      "enfermedadTransmisionSexual": "No",
      "motivoConsulta": "Dolor dental"
    },
    "antecedentesMedicosOdontologicos": {
      "tratamientoOdontologico": {
        "descripcion": "Ortodoncia",
        "desdeCuando": "2022"
      },
      "consultoOdontologo": true,
      "dolor": "Sí",
      "fracturaDiente": "No",
      "dificultadMasticar": true,
      "dificultadAbrirBoca": false
    },
    "estadoActual": {
      "anormalidadBoca": "No",
      "sangradoEncias": true,
      "hinchazonCara": false,
      "higieneBucal": "bueno"
    },
    "_id": "67734c8441c1ae714ae5b405",
    "aclaracionesFinalesMedico": "Ninguna",
    "__v": 0
  },
  {
    "datosPersonalesMedicos": {
      "enfermedades": "Hipertensión",
      "tratamientoActual": "Medicamento diario",
      "medicamentosRegulares": "Paracetamol",
      "enfermedadInfectoInfecciosa": "No",
      "fuma": true,
      "embarazo": false,
      "enfermedadConstancia": "No",
      "alergias": "Polen",
      "diabetes": false,
      "enfermedadTransmisionSexual": "No",
      "motivoConsulta": "Dolor dental"
    },
    "antecedentesMedicosOdontologicos": {
      "tratamientoOdontologico": {
        "descripcion": "Ortodoncia",
        "desdeCuando": "2022"
      },
      "consultoOdontologo": true,
      "dolor": "Sí",
      "fracturaDiente": "No",
      "dificultadMasticar": true,
      "dificultadAbrirBoca": false
    },
    "estadoActual": {
      "anormalidadBoca": "No",
      "sangradoEncias": true,
      "hinchazonCara": false,
      "higieneBucal": "bueno"
    },
    "_id": "67734cc7e5ce84f6c590b869",
    "aclaracionesFinalesMedico": "Ninguna",
    "__v": 0
  }
]