[
  {
    "_id": "6759fe4e39e94a3d5f24e16a",
    "username": "admin",
    "password": "$2b$10$g0Ym6qmq/dxerOS8lKo5U.5GFPwlv.MCb/JC6Jsrwb3sZ4gBCA95K",
    "__v": 0
  },
  {
    "_id": "6759fe4e39e94a3d5f24e16c",
    "username": "alejo",
    "password": "$2b$10$jImBzcmWOs1fnWMOiFH3hOrdffGHG10Y8YrH0w9L95oG/RsDTQT/e",
    "__v": 0
  },
  {
    "_id": "6759fe4e39e94a3d5f24e16e",
    "username": "thomas",
    "password": "$2b$10$FAY9z6tCKKAzQyoWJEk/TONGQCVbdXMiBUdrf9B2b1P3Ep9gyYQPy",
    "__v": 0
  },
  {
    "_id": "6759fe4e39e94a3d5f24e170",
    "username": "Cintegral1",
    "password": "$2b$10$EAK3o0iJrZtQYqGxHjWC.e0WTpag71aNjStBzXLNZHhelPlb62sUG",
    "__v": 0
  },
  {
    "_id": "6759fe4e39e94a3d5f24e172",
    "username": "Cintegral2",
    "password": "$2b$10$tQ0COCzlMmOwVnhb.x2sRO4iHfh.xWHqt6kdYqgw.qM4ZOb/CdjFq",
    "__v": 0
  },
  {
    "_id": "6759fe4e39e94a3d5f24e174",
    "username": "Cintegral3",
    "password": "$2b$10$xVW.FxbjngLLG9rw9ASZ.ucru1CU/SSjjHMPCJd80VwsKFZtZe6ya",
    "__v": 0
  },
  {
    "_id": "6759fe4e39e94a3d5f24e176",
    "username": "Cintegral4",
    "password": "$2b$10$685ihnes20DkcmMIV44y9.OsyjdZckkNhH/nQaWNiKUknl49TrHua",
    "__v": 0
  },
  {
    "_id": "6759fe4e39e94a3d5f24e178",
    "username": "Cintegral5",
    "password": "$2b$10$JH0kFDhigeK6mf53MuqecuOv/7WDd0QKUU8EVfUtPKmMJizFP7b3m",
    "__v": 0
  },
  {
    "_id": "6759fe4e39e94a3d5f24e17a",
    "username": "Cintegral6",
    "password": "$2b$10$gCbiuiT5ClRSoJJ1/ju.eeymHbBfzyY4OaRiawr76UxPaMmd3LHqW",
    "__v": 0
  },
  {
    "_id": "6759fe4e39e94a3d5f24e17c",
    "username": "Cintegral7",
    "password": "$2b$10$E0jjDU88.livs0kUlA10ge5w70sb4J4TF/AhFgtPs.H8knXMrksrK",
    "__v": 0
  },
  {
    "_id": "67735c9ee5b4f27cf436418b",
    "email": "seminothomas8196@gmail.com",
    "password": "$2a$10$KJXJz2mR9PUv7yUT3kLPkeSaQGFg17P8ThipFkEuiepgkedkdAZ1O",
    "rol": "odontologo",
    "__v": 0
  },
  {
    "_id": "677361badd2ac43c60185dc8",
    "email": "capo1928374650@gmail.com",
    "password": "$2a$10$81S7IfbtoDVWVwo7NelHqewhY/bV09xX2BU1RX76NFCeUB9BmDXV6",
    "rol": "admin",
    "__v": 0
  },
  {
    "_id": "6773da89cc415dce9b368afd",
    "email": "alejocosta50@hotmail.com",
    "password": "$2a$10$E4eZwZXZ1maegQULFbLFOOoqIWHz3hyPCt8PSH.n/bm6uqGx/S3EW",
    "rol": "odontologo",
    "__v": 0
  },
  {
    "_id": "6773f27c9fcdcc09d1fb982c",
    "email": "manuamaro5858@gmail.com",
    "password": "$2a$10$CjLT/giknITPsrSv.DbOPuitRZCi..GZ/h096Md9N/WWFj8wVEFWq",
    "rol": "odontologo",
    "__v": 0
  },
  {
    "_id": "677774b39a8e64a311c2dc38",
    "email": "andres1234@gmail.com",
    "password": "$2a$10$TblnHfxSnry1qVz6ZQEuce3RLOJmwKWIgtmqszFXFznBlz4vgkKiy",
    "rol": "odontologo",
    "__v": 0
  },
  {
    "_id": "6778218dca485a538513a26d",
    "email": "pablo@gmail.com",
    "password": "$2a$10$Y3.LCst1U52jy1RoRZIBzuVKFTlh2qDw0j/PKZabtgi6dTCNoRzxm",
    "rol": "secretaria",
    "__v": 0
  },
  {
    "_id": "67782de17d0764719439f76f",
    "email": "sarasa@sarasa.com",
    "password": "$2a$10$xmzco6mToRLxfAPuXmogJ.dh5Ms7XmDsy3uMt6ukXOyBoVUrAqn4q",
    "rol": "odontologo",
    "__v": 0
  },
  {
    "_id": "67782e5c7d0764719439f774",
    "email": "sarasa1@sarasa1.com",
    "password": "$2a$10$JIAMX/mQ6GmMQYmsBT2ZrOzbGbA1vxmC3qjuQpC793yyLtctYwNgS",
    "rol": "odontologo",
    "__v": 0
  },
  {
    "_id": "6778323b7d0764719439f778",
    "email": "lapepi@gmail.com",
    "password": "$2a$10$iiivL7rjD0G7xQ8BxTjNYuIaFUwHUFW.uBUA9P/GSFEfZ6YukKi9q",
    "rol": "odontologo",
    "__v": 0
  },
  {
    "_id": "6778aa6a9fa1bc2f72b33532",
    "email": "medico@medico.com",
    "password": "$2a$10$yWPf93jf0JQoLX80Et2ed.btkVuxXnIWJ6wZAmeTUOj/NT2xKtyia",
    "rol": "odontologo",
    "__v": 0
  }
]