[
  {
    "_id": "6777682170f27ea54b8fa07c",
    "nombre": "alejosas",
    "email": "alejo7@gmail.c",
    "especialidad": "endodo",
    "celular": "1150220157",
    "nMatricula": "4542",
    "clave": "tgtgt5",
    "__v": 0
  },
  {
    "_id": "67776a54b0be92800755069c",
    "nombre": "alejo",
    "email": "alejosta7@gmagil.c",
    "especialidad": "odontolo",
    "celular": "1150220",
    "nMatricula": "45435",
    "clave": "tttrtrt",
    "__v": 0
  },
  {
    "_id": "67776ecef3ebd572441c45ba",
    "nombre": "alejo",
    "email": "medico@example.com",
    "especialidad": "endodoncia",
    "celular": "1150220",
    "nMatricula": "sdas",
    "clave": "dfdsfds",
    "__v": 0
  },
  {
    "_id": "6778af32dde623af84ef1408",
    "nombre": "dfg",
    "email": "alejocosffta50@hotmail.com",
    "especialidad": "sdfdsfds",
    "celular": "1150220157",
    "nMatricula": "dasdsa",
    "clave": "123213213",
    "__v": 0
  }
]