[
  {
    "_id": "6777fe0729eff6cb67d5208a",
    "nombre": "pedro",
    "descripcion": "32ewqwe",
    "__v": 0
  },
  {
    "_id": "67781260f19d039920c93907",
    "nombre": "Alejo",
    "descripcion": "sdfdsfd",
    "__v": 0
  },
  {
    "_id": "67781261f19d039920c93909",
    "nombre": "Alejo",
    "descripcion": "sdfdsfd",
    "__v": 0
  },
  {
    "_id": "67781266f19d039920c9390b",
    "nombre": "sdfdsf",
    "descripcion": "dsfdsf",
    "__v": 0
  },
  {
    "_id": "6778131df19d039920c9391d",
    "nombre": "vdfdf",
    "descripcion": "dsfdsf",
    "__v": 0
  },
  {
    "_id": "677856ec824f41e2d1a9e7b6",
    "nombre": "dfdsf",
    "descripcion": "dsfsdf",
    "__v": 0
  }
]