[
  {
    "_id": "6778430853b79a1df6d30d12",
    "email": "alejocosta50@hotmail.com",
    "password": "$2a$10$8L/RIZ2Be6DvOFoEhfc/t.9q.DFcDzA2JvMS4kABBN/u27m393Bjy",
    "rol": "odontologo",
    "__v": 0
  },
  {
    "_id": "6778479353b79a1df6d30d4c",
    "email": "alejosta7@gmail.com",
    "password": "$2a$10$rVnQzDynEulJS8X8axtXQeNiBNckoRYH/sh1qHmfV/4BYn08hI01e",
    "rol": "secretaria",
    "__v": 0
  },
  {
    "_id": "67784bf879b992a440651f6a",
    "email": "medico@example.com",
    "password": "$2a$10$YFlZNZb3iGIHgEiFJQE5Ou64/yXO/gOzfGIpH0DN8EnyKxMR7wUdm",
    "rol": "odontologo",
    "__v": 0
  },
  {
    "_id": "67789d6a9820050351b494fb",
    "email": "alejosta7@gmagil.c",
    "password": "$2a$10$Qm/TNBKWZNwlpxT0yprsSeDHpmNJ3ZxExZfTl3e/9iryIi6h2uRLe",
    "rol": "secretaria",
    "__v": 0
  },
  {
    "_id": "67789fc03319c70425272445",
    "email": "alejore@hotmail.com",
    "password": "$2a$10$UIfP2ZZ7ufgN1OBNWGyxCulS7e4aN6Gs3R6OYm4Crp8/gnUeolh4u",
    "rol": "odontologo",
    "__v": 0
  },
  {
    "_id": "6778af32dde623af84ef1406",
    "email": "alejocosffta50@hotmail.com",
    "password": "$2a$10$mYfds7aEikX0yFoRhyb6R.A1qo96HsCvz6IbHe3PQkG1hFCi7RvP2",
    "rol": "odontologo",
    "__v": 0
  },
  {
    "_id": "6778b3c7dde623af84ef140c",
    "email": "m223123edico@example.com",
    "password": "$2a$10$dyVicAqI.l1swAItDmZ3Me6WqyxOe7VXdP8gJKpkyEegrttMvIr9S",
    "rol": "secretaria",
    "__v": 0
  }
]